BEGIN TRANSACTION;

INSERT INTO magister_cards (
          id
        , suit
        , rank
        , created_at
        , updated_at
)
VALUES
    (1,  'HEARTS', 'ACE', datetime('now'), datetime('now'))
  , (2,  'HEARTS', 'KING', datetime('now'), datetime('now'))
  , (3,  'HEARTS', 'QUEEN', datetime('now'), datetime('now'))
  , (4,  'HEARTS', 'JACK', datetime('now'), datetime('now'))
  , (5,  'HEARTS', 'TEN', datetime('now'), datetime('now'))
  , (6,  'HEARTS', 'NINE', datetime('now'), datetime('now'))
  , (7,  'HEARTS', 'EIGHT', datetime('now'), datetime('now'))
  , (8,  'HEARTS', 'SEVEN', datetime('now'), datetime('now'))
  , (9,  'HEARTS', 'SIX', datetime('now'), datetime('now'))
  , (10, 'HEARTS', 'FIVE', datetime('now'), datetime('now'))
  , (11, 'HEARTS', 'FOUR', datetime('now'), datetime('now'))
  , (12, 'HEARTS', 'THREE', datetime('now'), datetime('now'))
  , (13, 'HEARTS', 'TWO', datetime('now'), datetime('now'))
  , (14, 'CLUBS', 'ACE', datetime('now'), datetime('now'))
  , (15, 'CLUBS', 'KING', datetime('now'), datetime('now'))
  , (16, 'CLUBS', 'QUEEN', datetime('now'), datetime('now'))
  , (17, 'CLUBS', 'JACK', datetime('now'), datetime('now'))
  , (18, 'CLUBS', 'TEN', datetime('now'), datetime('now'))
  , (19, 'CLUBS', 'NINE', datetime('now'), datetime('now'))
  , (20, 'CLUBS', 'EIGHT', datetime('now'), datetime('now'))
  , (21, 'CLUBS', 'SEVEN', datetime('now'), datetime('now'))
  , (22, 'CLUBS', 'SIX', datetime('now'), datetime('now'))
  , (23, 'CLUBS', 'FIVE', datetime('now'), datetime('now'))
  , (24, 'CLUBS', 'FOUR', datetime('now'), datetime('now'))
  , (25, 'CLUBS', 'THREE', datetime('now'), datetime('now'))
  , (26, 'CLUBS', 'TWO', datetime('now'), datetime('now'))
  , (27, 'DIAMONDS', 'ACE', datetime('now'), datetime('now'))
  , (28, 'DIAMONDS', 'KING',  datetime('now'), datetime('now'))
  , (29, 'DIAMONDS', 'QUEEN', datetime('now'), datetime('now'))
  , (30, 'DIAMONDS', 'JACK', datetime('now'), datetime('now'))
  , (31, 'DIAMONDS', 'TEN', datetime('now'), datetime('now'))
  , (32, 'DIAMONDS', 'NINE', datetime('now'), datetime('now'))
  , (33, 'DIAMONDS', 'EIGHT', datetime('now'), datetime('now'))
  , (34, 'DIAMONDS', 'SEVEN', datetime('now'), datetime('now'))
  , (35, 'DIAMONDS', 'SIX', datetime('now'), datetime('now'))
  , (36, 'DIAMONDS', 'FIVE', datetime('now'), datetime('now'))
  , (37, 'DIAMONDS', 'FOUR', datetime('now'), datetime('now'))
  , (38, 'DIAMONDS', 'THREE', datetime('now'), datetime('now'))
  , (39, 'DIAMONDS', 'TWO', datetime('now'), datetime('now'))
  , (40, 'SPADES', 'ACE', datetime('now'), datetime('now'))
  , (41, 'SPADES', 'KING', datetime('now'), datetime('now'))
  , (42, 'SPADES', 'QUEEN', datetime('now'), datetime('now'))
  , (43, 'SPADES', 'JACK', datetime('now'), datetime('now'))
  , (44, 'SPADES', 'TEN', datetime('now'), datetime('now'))
  , (45, 'SPADES', 'NINE', datetime('now'), datetime('now'))
  , (46, 'SPADES', 'EIGHT', datetime('now'), datetime('now'))
  , (47, 'SPADES', 'SEVEN', datetime('now'), datetime('now'))
  , (48, 'SPADES', 'SIX', datetime('now'), datetime('now'))
  , (49, 'SPADES', 'FIVE', datetime('now'), datetime('now'))
  , (50, 'SPADES', 'FOUR', datetime('now'), datetime('now'))
  , (51, 'SPADES', 'THREE', datetime('now'), datetime('now'))
  , (52, 'SPADES', 'TWO', datetime('now'), datetime('now'))
;

INSERT INTO magister_cards_names (
      id
    , magister_card_id
    , name
    , slug
    , language
    , created_at
    , updated_at
)
VALUES
      (1,   1,  'Zeus and Mnemosyne', 'zeus-and-mnemosyne', 'EN', datetime('now'), datetime('now'))
    , (2,   2,  'Dionysus', 'dionysus', 'EN', datetime('now'), datetime('now'))
    , (3,   3,  'Aphrodite', 'aphrodite', 'EN', datetime('now'), datetime('now'))
    , (4,   4,  'Apollo and Daphne', 'apollo-and-daphne', 'EN', datetime('now'), datetime('now'))
    , (5,   5,  'Persephone', 'persephone', 'EN', datetime('now'), datetime('now'))
    , (6,   6,  'Athena and Erichthonius', 'athena-and-erichthonius', 'EN', datetime('now'), datetime('now'))
    , (7,   7,  'Amphitrite', 'amphitrite', 'EN', datetime('now'), datetime('now'))
    , (8,   8,  'Gaia and Cyclops', 'gaia-and-cyclops', 'EN', datetime('now'), datetime('now'))
    , (9,   9,  'Nymphs of the Water Element', 'nymphs-of-the-water-element', 'EN', datetime('now'), datetime('now'))
    , (10,  10, 'Dryads', 'dryads', 'EN', datetime('now'), datetime('now'))
    , (11,  11, 'Abduction of Europa by Zeus', 'abduction-of-europa-by-zeus', 'EN', datetime('now'), datetime('now'))
    , (12,  12, 'Leda and Swan', 'leda-and-swan', 'EN', datetime('now'), datetime('now'))
    , (13,  13, 'Sirens', 'sirens', 'EN', datetime('now'), datetime('now'))
    , (14,  14, 'Life and Death of the Great Master', 'life-and-death-of-the-great-master', 'EN', datetime('now'), datetime('now'))
    , (15,  15, 'Keeper of Skull', 'keeper-of-skull', 'EN', datetime('now'), datetime('now'))
    , (16,  16, 'Templar''s Hunt', 'templars-hunt', 'EN', datetime('now'), datetime('now'))
    , (17,  17, 'The Miracle about the Horse', 'the-miracle-about-the-horse', 'EN', datetime('now'), datetime('now'))
    , (18,  18, 'Defense of the Castle', 'defense-of-the-castle', 'EN', datetime('now'), datetime('now'))
    , (19,  19, 'Odin''s Raven Munnin near Sidon', 'odins-raven-munnin-near-sidon', 'EN', datetime('now'), datetime('now'))
    , (20,  20, 'Eighth Wedding Day of Christian Rosenkreutz', 'eighth-wedding-day-of-christian-rosenkreutz', 'EN', datetime('now'), datetime('now'))
    , (21,  21, 'Returning of the Shrine', 'returning-of-the-shrine', 'EN', datetime('now'), datetime('now'))
    , (22,  22, 'Celebrations for the Capture of Akko', 'celebrations-for-the-capture-of-akko', 'EN', datetime('now'), datetime('now'))
    , (23,  23, 'Templars Arguing with a Raven', 'templars-arguing-with-a-raven', 'EN', datetime('now'), datetime('now'))
    , (24,  24, 'White Lion Hunting', 'white-lion-hunting', 'EN', datetime('now'), datetime('now'))
    , (25,  25, 'Acquisition of Black Stone near Mount Unterberg', 'acquisition-of-black-stone-near-mount-unterberg', 'EN', datetime('now'), datetime('now'))
    , (26,  26, 'Death in the Battle', 'death-in-the-battle', 'EN', datetime('now'), datetime('now'))
    , (27,  27, 'Carrier of the Light', 'carrier-of-the-light', 'EN', datetime('now'), datetime('now'))
    , (28,  28, 'Priest of the Sacred Temple', 'priest-of-the-sacred-temple', 'EN',  datetime('now'), datetime('now'))
    , (29,  29, 'Girl with Jugs', 'girl-with-jugs', 'EN', datetime('now'), datetime('now'))
    , (30,  30, 'The Horseman in Helmet', 'the-horseman-in-hemlet', 'EN', datetime('now'), datetime('now'))
    , (31,  31, 'Barrel Bearer', 'barrel-bearer', 'EN', datetime('now'), datetime('now'))
    , (32,  32, 'Secret Initiation Ceremony', 'secret-initiation-ceremony', 'EN', datetime('now'), datetime('now'))
    , (33,  33, 'People Traveling on a Giant''s Hat', 'people-traveling-on-a-giants-hat', 'EN', datetime('now'), datetime('now'))
    , (34,  34, 'Barrels Bearers', 'barrels-bearers', 'EN', datetime('now'), datetime('now'))
    , (35,  35, 'The Holy Chariot', 'the-holy-chariot', 'EN', datetime('now'), datetime('now'))
    , (36,  36, 'Cloud Teamsters', 'cloud-teamsters', 'EN', datetime('now'), datetime('now'))
    , (37,  37, 'Transferring Sacred Objects', 'transfering-sacred-objects', 'EN', datetime('now'), datetime('now'))
    , (38,  38, 'Barrel Carrier', 'barrel-carrier', 'EN', datetime('now'), datetime('now'))
    , (39,  39, 'Two in the Boat', 'two-in-the-boat', 'EN', datetime('now'), datetime('now'))
    , (40,  40, 'Albert Runs at the Turtle''s Speed', 'albert-runs-at-the-turtles-speed', 'EN', datetime('now'), datetime('now'))
    , (41,  41, 'The Secret History of the Mongols', 'the-secret-history-of-the-mongols', 'EN', datetime('now'), datetime('now'))
    , (42,  42, 'Ann and Scrub', 'ann-and-scrub', 'EN', datetime('now'), datetime('now'))
    , (43,  43, 'Michael and the Chameleon', 'michael-and-the-chameleon', 'EN', datetime('now'), datetime('now'))
    , (44,  44, 'The Wasp''s Flight', 'the-wasps-flight', 'EN', datetime('now'), datetime('now'))
    , (45,  45, 'Vincent on the Field', 'vincent-on-the-field', 'EN', datetime('now'), datetime('now'))
    , (46,  46, 'Eighth Sonnet of Shakespeare', 'eighth-sonnet-of-shakespeare', 'EN', datetime('now'), datetime('now'))
    , (47,  47, 'Little Night Serenade', 'little-night-serenade', 'EN', datetime('now'), datetime('now'))
    , (48,  48, 'Che Guevara Surrounded by Scorpions', 'che-guevara-surrounded-by-scorpions', 'EN', datetime('now'), datetime('now'))
    , (49,  49, 'Shot', 'shot', 'EN', datetime('now'), datetime('now'))
    , (50,  50, 'Adolf and Joseph. Aerial Battle', 'adolf-and-joseph-aerial-battle', 'EN', datetime('now'), datetime('now'))
    , (51,  51, 'Ascension of Yuri', 'ascension-of-yuri', 'EN', datetime('now'), datetime('now'))
    , (52,  52, 'Mantis School', 'mantis-school', 'EN', datetime('now'), datetime('now'))
    , (53,  1,  'Зевс и Мнемозина', 'zevs-i-mnemozina', 'RU', datetime('now'), datetime('now'))
    , (54,  2,  'Дионис', 'dionis', 'RU', datetime('now'), datetime('now'))
    , (55,  3,  'Афродита', 'afrodita', 'RU', datetime('now'), datetime('now'))
    , (56,  4,  'Аполлон и Дафна', 'apollon-i-dafna', 'RU', datetime('now'), datetime('now'))
    , (57,  5,  'Персефона', 'persefona', 'RU', datetime('now'), datetime('now'))
    , (58,  6,  'Афина и Эрихтоний', 'afina-i-erikhtoniy', 'RU', datetime('now'), datetime('now'))
    , (59,  7,  'Амфитрита', 'amfitrita', 'RU', datetime('now'), datetime('now'))
    , (60,  8,  'Гея и циклопы', 'geya-i-tsyklopy', 'RU', datetime('now'), datetime('now'))
    , (61,  9,  'Нимфы водной стихии', 'nimfy-vodnoy-stikhii', 'RU', datetime('now'), datetime('now'))
    , (62,  10, 'Дриады', 'driady', 'RU', datetime('now'), datetime('now'))
    , (63,  11, 'Похищение Европы Зевсом', 'pokhishchenie-evropy-zevsom', 'RU', datetime('now'), datetime('now'))
    , (64,  12, 'Леда и лебедь', 'leda-i-lebed', 'RU', datetime('now'), datetime('now'))
    , (65,  13, 'Сирены', 'sirieny', 'RU', datetime('now'), datetime('now'))
    , (66,  14, 'Жизнь и смерть Великого Магистра', 'zhizn-i-smert-velikogo-magistra', 'RU', datetime('now'), datetime('now'))
    , (67,  15, 'Хранитель черепа', 'khranitel-cherepa', 'RU', datetime('now'), datetime('now'))
    , (68,  16, 'Охота Тамплиера', 'okhota-tampliera', 'RU', datetime('now'), datetime('now'))
    , (69,  17, 'Чудо о коне', 'chudo-o-kone', 'RU', datetime('now'), datetime('now'))
    , (70,  18, 'Защита крепости', 'zashchita-kreposti', 'RU', datetime('now'), datetime('now'))
    , (71,  19, 'Ворон Одина Мунинн возле Сидона', 'voron-odina-muninn-vozle-sidona', 'RU', datetime('now'), datetime('now'))
    , (72,  20, 'Восьмой день свадьбы Христиана Розенкрейца', 'vosmoy-den-svadby-khristiana-rozenkreytsa', 'RU', datetime('now'), datetime('now'))
    , (73,  21, 'Возвращение святыни', 'vozvrashchenie-sviatyni', 'RU', datetime('now'), datetime('now'))
    , (74,  22, 'Торжества в честь взятия Акко', 'torzhestva-v-chest-vziatia-akko', 'RU', datetime('now'), datetime('now'))
    , (75,  23, 'Тамплиеры спорят с вороном', 'tampliery-sporiat-s-voronom', 'RU', datetime('now'), datetime('now'))
    , (76,  24, 'Охота на белого льва', 'okhota-na-belogo-lva', 'RU', datetime('now'), datetime('now'))
    , (77,  25, 'Обретение чёрного камня у горы Унтерберг', 'obretenie-belogo-kamnia-u-gory-unterberg', 'RU', datetime('now'), datetime('now'))
    , (78,  26, 'Смерть в битве', 'smiert-v-bitve', 'RU', datetime('now'), datetime('now'))
    , (79,  27, 'Носитель света', 'nositiel-sveta', 'RU', datetime('now'), datetime('now'))
    , (80,  28, 'Хранитель тайны храма', 'khranitiel-tainy-khrama', 'RU',  datetime('now'), datetime('now'))
    , (81,  29, 'Девушка с кувшинами', 'dievushka-s-kuvshinami', 'RU', datetime('now'), datetime('now'))
    , (82,  30, 'Всадник в шлеме', 'vsadnik-v-shliemie', 'RU', datetime('now'), datetime('now'))
    , (83,  31, 'Носильщик бочек', 'nosilshchik-bochek', 'RU', datetime('now'), datetime('now'))
    , (84,  32, 'Тайная церемония инициации', 'tainaia-ceremoniia-initsiatsii', 'RU', datetime('now'), datetime('now'))
    , (85,  33, 'Люди путешествуют на шляпе гиганта', 'liudi-puteshestvuiut-na-shliapie-giganta', 'RU', datetime('now'), datetime('now'))
    , (86,  34, 'Носильщики бочек', 'nosilshchiki-bochek', 'RU', datetime('now'), datetime('now'))
    , (87,  35, 'Священная колесница', 'sviashchennaia-kolesnitsa', 'RU', datetime('now'), datetime('now'))
    , (88,  36, 'Погонщики туч', 'pogonshchiki-tuch', 'RU', datetime('now'), datetime('now'))
    , (89,  37, 'Передвижение святынь', 'peredvizheniie-sviatyn', 'RU', datetime('now'), datetime('now'))
    , (90,  38, 'Носильщица бочек', 'nosilshchitsa-bochek', 'RU', datetime('now'), datetime('now'))
    , (91,  39, 'Двое в лодке', 'dvoie-v-lodkie', 'RU', datetime('now'), datetime('now'))
    , (92,  40, 'Альберт бежит со скоростью черепахи', 'albiert-biezhit-so-skorostiiu-chieriepakhi', 'RU', datetime('now'), datetime('now'))
    , (93,  41, 'Тайная история монголов', 'tainaia-istoriia-mongolov', 'RU', datetime('now'), datetime('now'))
    , (94,  42, 'Анна и скарабей', 'anna-i-skarabiey', 'RU', datetime('now'), datetime('now'))
    , (95,  43, 'Майкл и хамелеон', 'maikl-i-khameleon', 'RU', datetime('now'), datetime('now'))
    , (96,  44, 'Полёт осы', 'poliot-osy', 'RU', datetime('now'), datetime('now'))
    , (97,  45, 'Винсент на поле', 'vincent-na-polie', 'RU', datetime('now'), datetime('now'))
    , (98,  46, 'Восьмой сонет Шекспира', 'vosmoy-soniet-shekspira', 'RU', datetime('now'), datetime('now'))
    , (99,  47, 'Маленькая ночная серенада', 'malienkaia-nochnaia-serenada', 'RU', datetime('now'), datetime('now'))
    , (100, 48, 'Че Гевара среди скорпионов', 'che-gevara-sriedi-skorpionov', 'RU', datetime('now'), datetime('now'))
    , (101, 49, 'Выстрел', 'vystrel', 'RU', datetime('now'), datetime('now'))
    , (102, 50, 'Адольф и Иосиф. Воздушный бой', 'adolf-i-iosif-vozdushnyi-boy', 'RU', datetime('now'), datetime('now'))
    , (103, 51, 'Вознесение Юрия', 'vozniesienie-yuriia', 'RU', datetime('now'), datetime('now'))
    , (104, 52, 'Школа богомола', 'shkola-bogomola', 'RU', datetime('now'), datetime('now'))
    , (105,  1, 'Зеўс і Мнемазіна', 'zieus-i-mniemazina', 'BE', datetime('now'), datetime('now'))
    , (106,  2, 'Дыяніс', 'dyianis', 'BE', datetime('now'), datetime('now'))
    , (107,  3, 'Афрадыта', 'afradyta', 'BE', datetime('now'), datetime('now'))
    , (108,  4, 'Апалон і Дафна', 'apalon-i-dafna', 'BE', datetime('now'), datetime('now'))
    , (109,  5, 'Персефона', 'piersefona', 'BE', datetime('now'), datetime('now'))
    , (110,  6, 'Афіна і Эрыхтоній', 'afina-i-erykhtoniy', 'BE', datetime('now'), datetime('now'))
    , (111,  7, 'Амфітрыта', 'amfitryta', 'BE', datetime('now'), datetime('now'))
    , (112,  8, 'Гея і цыклопы', 'gieya-i-cyklopy', 'BE', datetime('now'), datetime('now'))
    , (113,  9, 'Німфы воднай стыхіі', 'nimfy-vodnay-stykhii', 'BE', datetime('now'), datetime('now'))
    , (114, 10, 'Дрыяды', 'dryiady', 'BE', datetime('now'), datetime('now'))
    , (115, 11, 'Выкраданне Еўропы Зеўсам', 'vykradannie-europy-zieusam', 'BE', datetime('now'), datetime('now'))
    , (116, 12, 'Леда і лебедзь', 'leda-i-lebedz', 'BE', datetime('now'), datetime('now'))
    , (117, 13, 'Сірэны', 'sireny', 'BE', datetime('now'), datetime('now'))
    , (118, 14, 'Жыццё і смерць Вялікага Магістра', 'zhyccio-i-smert-vialikaha-magistra', 'BE', datetime('now'), datetime('now'))
    , (119, 15, 'Захавальнік чэрапа', 'zakhavalnik-cherapa', 'BE', datetime('now'), datetime('now'))
    , (120, 16, 'Паляванне Тампліера', 'paliavannie-tampliyera', 'BE', datetime('now'), datetime('now'))
    , (121, 17, 'Цуд пра каня', 'cud-pra-kania', 'BE', datetime('now'), datetime('now'))
    , (122, 18, 'Абарона крэпасці', 'abarona-krepasci', 'BE', datetime('now'), datetime('now'))
    , (123, 19, 'Крумкач Одзіна Мунін каля Сідона', 'krumkach-odzina-munin-kalia-sidona', 'BE', datetime('now'), datetime('now'))
    , (124, 20, 'Восьмы дзень вяселля Хрысціяна Розенкрэйца', 'vosmy-dzien-viasiellia-khrysciyana-rosenkreyca', 'BE', datetime('now'), datetime('now'))
    , (125, 21, 'Вяртанне святыні', 'viartannie-sviatyni', 'BE', datetime('now'), datetime('now'))
    , (126, 22, 'Урачыстасці з нагоды ўзяцця Акко', 'urachystasci-z-nahody-uziaccia-akko', 'BE', datetime('now'), datetime('now'))
    , (127, 23, 'Тампліеры спрачаюцца з крумкачом', 'tampliyery-sprachayucca-z-krumkachom', 'BE', datetime('now'), datetime('now'))
    , (128, 24, 'Паляванне на белага льва', 'paliavannie-na-bielaha-lva', 'BE', datetime('now'), datetime('now'))
    , (129, 25, 'Здабыццё чорнага каменя ля гары Унтэрберг', 'zdabyccio-chornaha-kamienia-lia-hary-unterbierh', 'BE', datetime('now'), datetime('now'))
    , (130, 26, 'Смерць у бітве', 'smierc-u-bitvie', 'BE', datetime('now'), datetime('now'))
    , (131, 27, 'Носьбіт святла', 'nosbit-sviatla', 'BE', datetime('now'), datetime('now'))
    , (132, 28, 'Захавальнік таямніцы храма', 'zakhavalnik-khrama', 'BE',  datetime('now'), datetime('now'))
    , (133, 29, 'Дзяўчына са збанамі', 'dziauchyna-sa-zbanami', 'BE', datetime('now'), datetime('now'))
    , (134, 30, 'Вершнік у шлеме', 'vershnik-u-shliemie', 'BE', datetime('now'), datetime('now'))
    , (135, 31, 'Носчык бочак', 'noschyk-bochak', 'BE', datetime('now'), datetime('now'))
    , (136, 32, 'Таемная цырымонія ініцыяцыі', 'tayemnaya-cyrymoniya-initsyiacyi', 'BE', datetime('now'), datetime('now'))
    , (137, 33, 'Людзі, што вандруюць на капелюшы гіганта', 'ludzi-shto-vandruyuc-na-kapieliushy-hihanta', 'BE', datetime('now'), datetime('now'))
    , (138, 34, 'Носчыкі бочак', 'noschyki-bochak', 'BE', datetime('now'), datetime('now'))
    , (139, 35, 'Святая калясніца', 'sviataya-kaliasnica', 'BE', datetime('now'), datetime('now'))
    , (140, 36, 'Паганятыя хмараў', 'pahaniatyia-khmarau', 'BE', datetime('now'), datetime('now'))
    , (141, 37, 'Перасоўванне святыняў', 'pierasouvannie-sviatyniau', 'BE', datetime('now'), datetime('now'))
    , (142, 38, 'Носчыца бочак', 'noschyca-bochak', 'BE', datetime('now'), datetime('now'))
    , (143, 39, 'Двое ў чоўне', 'dvoie-u-chounie', 'BE', datetime('now'), datetime('now'))
    , (144, 40, 'Альберт бяжыць з хуткасцю чарапахі', 'albiert-biazhyc-z-khutkasciu-charapakhi', 'BE', datetime('now'), datetime('now'))
    , (145, 41, 'Таемная гісторыя манголаў', 'tayemnaya-historyia-mangolau', 'BE', datetime('now'), datetime('now'))
    , (146, 42, 'Ганна і скарабей', 'hanna-i-skarabiey', 'BE', datetime('now'), datetime('now'))
    , (147, 43, 'Майкл і хамелеон', 'maikl-i-khamielieon', 'BE', datetime('now'), datetime('now'))
    , (148, 44, 'Палёт асы', 'paliot-asy', 'BE', datetime('now'), datetime('now'))
    , (149, 45, 'Вінцэнт на полі', 'vincent-na-poli', 'BE', datetime('now'), datetime('now'))
    , (150, 46, 'Восьмы санет Шэкспіра', 'vosmy-saniet-shekspira', 'BE', datetime('now'), datetime('now'))
    , (151, 47, 'Маленькая начная серэнада', 'malienkaya-nachnaya-serenada', 'BE', datetime('now'), datetime('now'))
    , (152, 48, 'Чэ Гевара сярод скарпіёнаў', 'che-hevara-siarod-skarpiyonau', 'BE', datetime('now'), datetime('now'))
    , (153, 49, 'Стрэл', 'strel', 'BE', datetime('now'), datetime('now'))
    , (154, 50, 'Адольф і Іосіф. Паветраная бойка', 'adolf-i-iosif-pavietranaya-boyka', 'BE', datetime('now'), datetime('now'))
    , (155, 51, 'Узнясенне Юрыя', 'uzniasiennie-yuryia', 'BE', datetime('now'), datetime('now'))
    , (156, 52, 'Школа багамола', 'shkola-bagamola', 'BE', datetime('now'), datetime('now'))
;

INSERT INTO magister_cards_descriptions (
      id
    , magister_card_id
    , short_description
    , long_description
    , language
    , created_at
    , updated_at
)
VALUES
      (1,   1, 'Зеўс - галоўны з богаў-алімпійцаў, які кіруе сусветам. Арол - любімая птушка Зеўса, яго памагаты. Мнемазіна, спакушаная Зеўсам, - багіня, якая ўвасабляе памяць і веды, натхняе творцаў.', '', 'BE', datetime('now'), datetime('now'))
    , (2,   2, 'Дыяніс, ён жа Бахус, ён жа Вакх - бог сонечнага цяпла, жывой сілы прыроды, а таксама - бог віна і яго ўзбуджальнага дзеяння на чалавека.', '', 'BE', datetime('now'), datetime('now'))
    , (3,   3, 'Багіня кахання, нараджэння, вечнай вясны. Нарадзілася ў моры з кропляў крыві і семені Ўрана.', '', 'BE', datetime('now'), datetime('now'))
    , (4,   4, 'Эпізод пераўтварэння Дафны ў лаўровае дрэўца, як адзіны шлях пазбегнуць любоўнага пераследу Апалона.', '', 'BE', datetime('now'), datetime('now'))
    , (5,   5, 'Багіня ўрадлівасці і царства мёртвых, уладычыца пекла. 7 зерняў гранату ад каварнага мужа назаўсёды зачынілі яе ў царстве Аіда.', '', 'BE', datetime('now'), datetime('now'))
    , (6,   6, 'Афіна таемна гадавала Эрыхтонія, даўшы яму пры нараджэнні 2 кроплі (жыцця і смерці) крыві Гаргоны.', '', 'BE', datetime('now'), datetime('now'))
    , (7,   7, 'Амфітрыта - адна з нерэідаў, дачка марскога бога Нерэя і жонка Пасейдона. Амфітрыта шанавалася нароўні з мужам, Гамэр згадвае яе, як багіню, якой падуладныя марскія пачвары.', '', 'BE', datetime('now'), datetime('now'))
    , (8,   8, 'Гея - маці продкаў і, агулам, усяго жыцця. Яна была маці Ўрана (неба), ад саюзу з якім з''явіліся, у тым ліку, цыклопы.', '', 'BE', datetime('now'), datetime('now'))
    , (9,   9, 'Лімнада, Нерэіда і Наяда - водныя німфы. У іншых стыхіяў былі свае німфы, але водныя лічыліся найбольш уплывовымі.', '', 'BE', datetime('now'), datetime('now'))
    , (10,  10, 'Дрыяды - лясныя німфы, апякункі дрэваў. З тых нешматлікіх німфаў, што смяротныя. Лічылася, што дрыяды неаддзельныя ад дрэва, з якім звязана, і памірае, калі памрэ дрэва.', '', 'BE', datetime('now'), datetime('now'))
    , (11,  11, 'Зеўс у выглядзе белага быка, з''явіўся на пляжы, дзе Еўропа бавіла час з сяброўкамі. Скраў прыгажуню і звёз на Крыт.', '', 'BE', datetime('now'), datetime('now'))
    , (12,  12, 'Эпізод нараджэння Алены - будучай жонкі Менелая, ад Леды і Зеўса ў абліччы лебедзя.', '', 'BE', datetime('now'), datetime('now'))
    , (13,  13, 'Сірэны ўвасаблялі чароўную, але каварную марскую паверхню, пад якой хаваюцца вострыя скалы і водмелі.', '', 'BE', datetime('now'), datetime('now'))
    , (14,  14, 'Гуго дэ Пэйн - заснавальнік Ордэна Тампліераў і яго першы Вялікі Магістр. Таксама ён стварыў кодэкс паводзінаў чальцоў Ордэна.', '', 'BE', datetime('now'), datetime('now'))
    , (15,  15, 'Вялікі Магістр Ордэна Тампліераў Бэртран дэ Бланфор з чэрапам-святыняй Caput Mortuum.', '', 'BE', datetime('now'), datetime('now'))
    , (16,  16, 'Прысвечана Жаку дэ Мале, апошняму Вялікаму Магістру Ордэну Тампліераў.', '', 'BE', datetime('now'), datetime('now'))
    , (17,  17, 'Арман дэ Лавуа (Арман Перыгорскі) - Вялікі Магістр Ордэну Тампліераў. Даў абет уступіць у Ордэн пасля таго, як ледзь не загінуў пасля падзення ў каня.', '', 'BE', datetime('now'), datetime('now'))
    , (18,  18, 'Роберт дэ Краон быў другім Вялікім Магістрам Ордэну Тампліераў. Ён праявіў сябе як бліскучы арганізатар, чым ператварыў Ордэн у буйную сілу ў дзяржавах крыжакоў.', '', 'BE', datetime('now'), datetime('now'))
    , (19,  19, 'Цібо Гадэн быў Вялікім Магістрам Ордэну і беспаспяхова абараняў крэпасць Сідон. Хугін і Мунін - пара крумкачоў бог Одзіна, што паведамлялі яго пра навіны.', '', 'BE', datetime('now'), datetime('now'))
    , (20,  20, 'Хімічнае вяселле Хрысціяна Разенкрэйца ў 1459 годзе - маніфест Разенкрэйцараў, уяўляе сабой філасофска-сімвалічную прытчу пра семідзённае падарожжа Хрысціяна Разенкрэйца на каралеўскае вяселле.', '', 'BE', datetime('now'), datetime('now'))
    , (21,  21, 'Эвэрар дэ Бар - трэці Вялікі Магістр Ордэна Тампліераў. Па вяртанні са Святой Зямлі адмовіўся ад высокай пасады і сышоў у манастыр.', '', 'BE', datetime('now'), datetime('now'))
    , (22,  22, 'Акко - старажытны горад, што быў заваяваны рыцарамі на чале з Балдуінам І. Да заканчэння Крыжовых Паходаў з''яўляўся сталіцай Іерусалімскага Каралеўства.', '', 'BE', datetime('now'), datetime('now'))
    , (23,  23, 'Крумкач - міфалагічны пасярэднік паміж сусветам жывых і царствам мёртвых, у некаторых эпасах - праклятыя душы.', '', 'BE', datetime('now'), datetime('now'))
    , (24,  24, 'Белы леў - папурны сімвал рыцарскіх ордэнаў сярэднявечча, што сімвалізаваў нябесную моц, дадзеную воіну Хрыстоваму.', '', 'BE', datetime('now'), datetime('now'))
    , (25,  25, 'Губерт Кох - комтур Ордэна, што чакаў прыходу багіні Ісаіс пад гарой Унтэрберг.', '', 'BE', datetime('now'), datetime('now'))
    , (26,  26, 'Жэрар дэ Рыдфар - Вялікі Магістр Ордэна, што прывёў войска Ордэна да суцэльнай паразы ў бітве з арміяй Саладзіна пры Хаціне.', '', 'BE', datetime('now'), datetime('now'))
    , (27,  27, 'Ініцыяваны ў таямніцу дактрыны апелюе да казуістычных аналогіяў, незразумелых для недасведчаных.', '', 'BE', datetime('now'), datetime('now'))
    , (28,  28, 'Вялікі святар-іерафант - тлумач святой таямніцы ў грэкаў і ў заходняй эзатэрыцы. Яго імя нельга ні называць, ні пісаць.', '', 'BE', datetime('now'), datetime('now'))
    , (29,  29, 'Жрыца, што падносіць удзельнікам містэрыі пасудзіны са змесцівам, здольным выклікаць больш светлыя надзеі пра канец жыцця і вечнасць.', '', 'BE', datetime('now'), datetime('now'))
    , (30,  30, 'Ён спяшаецца да моста праз Раку, дзе, прыкрыўшы галаву, каб не пазналі, будзе лаяцца і кпіць з удзельнікаў шэсця, як гэта прадугледжана традыцыяй.', '', 'BE', datetime('now'), datetime('now'))
    , (31,  31, 'Той, хто звычайна суправаджае жадаючых быць пасвечанымі ў таямніцы містэрыі.', '', 'BE', datetime('now'), datetime('now'))
    , (32,  32, 'Той, якому дазволена здымаць пакровы, што ахутваюць галоўную таямніцу.', '', 'BE', datetime('now'), datetime('now'))
    , (33,  33, 'Восьмы дзень містэрыяў, прысвечаны паўтору цырымоніяў дзеля тых, хто прапусціў іх.', '', 'BE', datetime('now'), datetime('now'))
    , (34,  34, 'Тыя, хто бяруць удзел у атлетычных гульнях сёмага дня ў гонар дзвюх багіняў.', '', 'BE', datetime('now'), datetime('now'))
    , (35,  35, 'Уведзеныя ў таямніцу, якія адправіліся ў паломніцтва ў нейкае таемнае месца ў гарах.', '', 'BE', datetime('now'), datetime('now'))
    , (36,  36, 'Майстры, якія валодаюць вялікімі ведамі ў галіне прыроднай магіі, што дазваляюць ім выклікаць звышнатуральныя з''явы.', '', 'BE', datetime('now'), datetime('now'))
    , (37,  37, 'Уведзены ў містэрыю, які прыняў дактрыну таямніцы сваіх сапраўдных поглядаў.', '', 'BE', datetime('now'), datetime('now'))
    , (38,  38, 'Тыя, хто ведае сакрэт гармоніі лічбаў, які іншыя даўно раскрылію.', '', 'BE', datetime('now'), datetime('now'))
    , (39,  39, 'Узведзеныя на другую ступень, рухаюцца ў складзе працэсіі ў бок мора, каб зазнаць нешта асаблівае.', '', 'BE', datetime('now'), datetime('now'))
    , (40,  40, 'Шмат у якіх культурах выяву чарапахі асацыявалі з падмуркам і першапачаткам сусвету.', '', 'BE', datetime('now'), datetime('now'))
    , (41,  41, 'Зграі саранчы, што налічваюць мільярды насякомых утвараюць "лятучыя хмары", пакрываючы і спушташаючы велізарныя плошчы.', '', 'BE', datetime('now'), datetime('now'))
    , (42,  42, 'Карціна прысвечана Ганне Паўлавай - адной з найверлізарных балярынаў ХХ стагоддзя. Скарабей у якасці сімвалу сонца і вяртання.', '', 'BE', datetime('now'), datetime('now'))
    , (43,  43, 'Зразумелая мастацкая метафара на "поп-караля" Майкла Джэксана як чалавека, які змяняў аблічча.', '', 'BE', datetime('now'), datetime('now'))
    , (44,  44, 'Напалеон Банапарт выкарыстоўваў сімвал асы ў якасці эмблемы.', '', 'BE', datetime('now'), datetime('now'))
    , (45,  45, 'Апошняя карціна Вінцэнта ван Гога "Пшанічнае поле з варонамі". Дамаляваўшы палатно, Вінцэнт стрэліў сабе ў грудзі.', '', 'BE', datetime('now'), datetime('now'))
    , (46,  46, '"Мёртвыя галовы" Ёрыка, ружы Ланкастараў і Ёркаў і іх творца Ўільям на метафарычным дэміургу - павуку.', '', 'BE', datetime('now'), datetime('now'))
    , (47,  47, 'Ёган Бах - адзін з найбольш значных кампазітараў сусвету. А птушка калібры вядомая як вястун, які здатны кіраваць часам.', '', 'BE', datetime('now'), datetime('now'))
    , (48,  48, 'Атрутныя джалы скарпіёнаў і пісталет у руцэ бязлітаснага і непахіснага рэвалюцыянера.', '', 'BE', datetime('now'), datetime('now'))
    , (49,  49, 'Пушкін на цвыркуне (сімвале хатняга ачагу) супрацьстаіць мухам як сімвалам зла і моравых эпідэміяў.', '', 'BE', datetime('now'), datetime('now'))
    , (50,  50, 'Верабей сімвалізуе нізасць, бойкасць, прагнасць, пажаднасць.', '', 'BE', datetime('now'), datetime('now'))
    , (51,  51, 'Юры Гагарын стаў першай ластаўкай касмічнай эпохі.', '', 'BE', datetime('now'), datetime('now'))
    , (52,  52, 'Брус Лі ў адной з пазіцыяў кунг-фу, цалкам адпаведнай постаці багамола, гатовага да нападу.', '', 'BE', datetime('now'), datetime('now'))
    , (53,  1, '', '', 'EN', datetime('now'), datetime('now'))
    , (54,  2, '', '', 'EN', datetime('now'), datetime('now'))
    , (55,  3, '', '', 'EN', datetime('now'), datetime('now'))
    , (56,  4, '', '', 'EN', datetime('now'), datetime('now'))
    , (57,  5, '', '', 'EN', datetime('now'), datetime('now'))
    , (58,  6, '', '', 'EN', datetime('now'), datetime('now'))
    , (59,  7, '', '', 'EN', datetime('now'), datetime('now'))
    , (60,  8, '', '', 'EN', datetime('now'), datetime('now'))
    , (61,  9, '', '', 'EN', datetime('now'), datetime('now'))
    , (62,  10, '', '', 'EN', datetime('now'), datetime('now'))
    , (63,  11, '', '', 'EN', datetime('now'), datetime('now'))
    , (64,  12, '', '', 'EN', datetime('now'), datetime('now'))
    , (65,  13, '', '', 'EN', datetime('now'), datetime('now'))
    , (66,  14, '', '', 'EN', datetime('now'), datetime('now'))
    , (67,  15, '', '', 'EN', datetime('now'), datetime('now'))
    , (68,  16, '', '', 'EN', datetime('now'), datetime('now'))
    , (69,  17, '', '', 'EN', datetime('now'), datetime('now'))
    , (70,  18, '', '', 'EN', datetime('now'), datetime('now'))
    , (71,  19, '', '', 'EN', datetime('now'), datetime('now'))
    , (72,  20, '', '', 'EN', datetime('now'), datetime('now'))
    , (73,  21, '', '', 'EN', datetime('now'), datetime('now'))
    , (74,  22, '', '', 'EN', datetime('now'), datetime('now'))
    , (75,  23, '', '', 'EN', datetime('now'), datetime('now'))
    , (76,  24, '', '', 'EN', datetime('now'), datetime('now'))
    , (77,  25, '', '', 'EN', datetime('now'), datetime('now'))
    , (78,  26, '', '', 'EN', datetime('now'), datetime('now'))
    , (79,  27, '', '', 'EN', datetime('now'), datetime('now'))
    , (80,  28, '', '', 'EN', datetime('now'), datetime('now'))
    , (81,  29, '', '', 'EN', datetime('now'), datetime('now'))
    , (82,  30, '', '', 'EN', datetime('now'), datetime('now'))
    , (83,  31, '', '', 'EN', datetime('now'), datetime('now'))
    , (84,  32, '', '', 'EN', datetime('now'), datetime('now'))
    , (85,  33, '', '', 'EN', datetime('now'), datetime('now'))
    , (86,  34, '', '', 'EN', datetime('now'), datetime('now'))
    , (87,  35, '', '', 'EN', datetime('now'), datetime('now'))
    , (88,  36, '', '', 'EN', datetime('now'), datetime('now'))
    , (89,  37, '', '', 'EN', datetime('now'), datetime('now'))
    , (90,  38, '', '', 'EN', datetime('now'), datetime('now'))
    , (91,  39, '', '', 'EN', datetime('now'), datetime('now'))
    , (92,  40, '', '', 'EN', datetime('now'), datetime('now'))
    , (93,  41, '', '', 'EN', datetime('now'), datetime('now'))
    , (94,  42, '', '', 'EN', datetime('now'), datetime('now'))
    , (95,  43, '', '', 'EN', datetime('now'), datetime('now'))
    , (96,  44, '', '', 'EN', datetime('now'), datetime('now'))
    , (97,  45, '', '', 'EN', datetime('now'), datetime('now'))
    , (98,  46, '', '', 'EN', datetime('now'), datetime('now'))
    , (99,  47, '', '', 'EN', datetime('now'), datetime('now'))
    , (100, 48, '', '', 'EN', datetime('now'), datetime('now'))
    , (101, 49, '', '', 'EN', datetime('now'), datetime('now'))
    , (102, 50, '', '', 'EN', datetime('now'), datetime('now'))
    , (103, 51, '', '', 'EN', datetime('now'), datetime('now'))
    , (104, 52, '', '', 'EN', datetime('now'), datetime('now'))
    , (105,  1, '', '', 'RU', datetime('now'), datetime('now'))
    , (106,  2, '', '', 'RU', datetime('now'), datetime('now'))
    , (107,  3, '', '', 'RU', datetime('now'), datetime('now'))
    , (108,  4, '', '', 'RU', datetime('now'), datetime('now'))
    , (109,  5, '', '', 'RU', datetime('now'), datetime('now'))
    , (110,  6, '', '', 'RU', datetime('now'), datetime('now'))
    , (111,  7, '', '', 'RU', datetime('now'), datetime('now'))
    , (112,  8, '', '', 'RU', datetime('now'), datetime('now'))
    , (113,  9, '', '', 'RU', datetime('now'), datetime('now'))
    , (114,  10, '', '', 'RU', datetime('now'), datetime('now'))
    , (115,  11, '', '', 'RU', datetime('now'), datetime('now'))
    , (116,  12, '', '', 'RU', datetime('now'), datetime('now'))
    , (117,  13, '', '', 'RU', datetime('now'), datetime('now'))
    , (118,  14, '', '', 'RU', datetime('now'), datetime('now'))
    , (119,  15, '', '', 'RU', datetime('now'), datetime('now'))
    , (120,  16, '', '', 'RU', datetime('now'), datetime('now'))
    , (121,  17, '', '', 'RU', datetime('now'), datetime('now'))
    , (122,  18, '', '', 'RU', datetime('now'), datetime('now'))
    , (123,  19, '', '', 'RU', datetime('now'), datetime('now'))
    , (124,  20, '', '', 'RU', datetime('now'), datetime('now'))
    , (125,  21, '', '', 'RU', datetime('now'), datetime('now'))
    , (126,  22, '', '', 'RU', datetime('now'), datetime('now'))
    , (127,  23, '', '', 'RU', datetime('now'), datetime('now'))
    , (128,  24, '', '', 'RU', datetime('now'), datetime('now'))
    , (129,  25, '', '', 'RU', datetime('now'), datetime('now'))
    , (130,  26, '', '', 'RU', datetime('now'), datetime('now'))
    , (131,  27, '', '', 'RU', datetime('now'), datetime('now'))
    , (132,  28, '', '', 'RU', datetime('now'), datetime('now'))
    , (133,  29, '', '', 'RU', datetime('now'), datetime('now'))
    , (134,  30, '', '', 'RU', datetime('now'), datetime('now'))
    , (135,  31, '', '', 'RU', datetime('now'), datetime('now'))
    , (136,  32, '', '', 'RU', datetime('now'), datetime('now'))
    , (137,  33, '', '', 'RU', datetime('now'), datetime('now'))
    , (138,  34, '', '', 'RU', datetime('now'), datetime('now'))
    , (139,  35, '', '', 'RU', datetime('now'), datetime('now'))
    , (140,  36, '', '', 'RU', datetime('now'), datetime('now'))
    , (141,  37, '', '', 'RU', datetime('now'), datetime('now'))
    , (142,  38, '', '', 'RU', datetime('now'), datetime('now'))
    , (143,  39, '', '', 'RU', datetime('now'), datetime('now'))
    , (144,  40, '', '', 'RU', datetime('now'), datetime('now'))
    , (145,  41, '', '', 'RU', datetime('now'), datetime('now'))
    , (146,  42, '', '', 'RU', datetime('now'), datetime('now'))
    , (147,  43, '', '', 'RU', datetime('now'), datetime('now'))
    , (148,  44, '', '', 'RU', datetime('now'), datetime('now'))
    , (149,  45, '', '', 'RU', datetime('now'), datetime('now'))
    , (150,  46, '', '', 'RU', datetime('now'), datetime('now'))
    , (151,  47, '', '', 'RU', datetime('now'), datetime('now'))
    , (152, 48, '', '', 'RU', datetime('now'), datetime('now'))
    , (153, 49, '', '', 'RU', datetime('now'), datetime('now'))
    , (154, 50, '', '', 'RU', datetime('now'), datetime('now'))
    , (155, 51, '', '', 'RU', datetime('now'), datetime('now'))
    , (156, 52, '', '', 'RU', datetime('now'), datetime('now'))
;

INSERT INTO deck_types (
      id
    , name
    , created_at
    , updated_at
)
VALUES
      (1, 'WITH_CAPTIONS', datetime('now'), datetime('now'))
    , (2, 'WITHOUT_CAPTIONS', datetime('now'), datetime('now'))
    , (3, 'METAPHORICAL', datetime('now'), datetime('now'))
;

INSERT INTO magister_cards_images (
      id
    , image_url
    , magister_card_id
    , deck_type_id
    , created_at
    , updated_at
)
VALUES
      (1,  'cards/images/metaphorical/93x133-chirva-tuz.jpeg', 1, 3, datetime('now'), datetime('now'))
    , (2,  'cards/images/metaphorical/93x133-chirva-king.jpeg', 2, 3, datetime('now'), datetime('now'))
    , (3,  'cards/images/metaphorical/93x133-chirva-dama.jpeg', 3, 3, datetime('now'), datetime('now'))
    , (4,  'cards/images/metaphorical/93x133-chirva-valet.jpeg', 4, 3, datetime('now'), datetime('now'))
    , (5,  'cards/images/metaphorical/93x133-chirva-10.jpeg', 5, 3, datetime('now'), datetime('now'))
    , (6,  'cards/images/metaphorical/93x133-chirva-9.jpeg', 6, 3, datetime('now'), datetime('now'))
    , (7,  'cards/images/metaphorical/93x133-chirva-8.jpeg', 7, 3, datetime('now'), datetime('now'))
    , (8,  'cards/images/metaphorical/93x133-chirva-7.jpeg', 8, 3, datetime('now'), datetime('now'))
    , (9,  'cards/images/metaphorical/93x133-chirva-6.jpeg', 9, 3, datetime('now'), datetime('now'))
    , (10, 'cards/images/metaphorical/93x133-chirva-5.jpeg', 10, 3, datetime('now'), datetime('now'))
    , (11, 'cards/images/metaphorical/93x133-chirva-4.jpeg', 11, 3, datetime('now'), datetime('now'))
    , (12, 'cards/images/metaphorical/93x133-chirva-3.jpeg', 12, 3, datetime('now'), datetime('now'))
    , (13, 'cards/images/metaphorical/93x133-chirva-2.jpeg', 13, 3, datetime('now'), datetime('now'))
    , (14, 'cards/images/metaphorical/93x133-tref-tuz.jpeg', 14, 3, datetime('now'), datetime('now'))
    , (15, 'cards/images/metaphorical/93x133-tref-king.jpeg', 15, 3, datetime('now'), datetime('now'))
    , (16, 'cards/images/metaphorical/93x133-tref-dama.jpeg', 16, 3, datetime('now'), datetime('now'))
    , (17, 'cards/images/metaphorical/93x133-tref-valet.jpeg', 17, 3, datetime('now'), datetime('now'))
    , (18, 'cards/images/metaphorical/93x133-tref-10.jpeg', 18, 3, datetime('now'), datetime('now'))
    , (19, 'cards/images/metaphorical/93x133-tref-9.jpeg', 19, 3, datetime('now'), datetime('now'))
    , (20, 'cards/images/metaphorical/93x133-tref-8.jpeg', 20, 3, datetime('now'), datetime('now'))
    , (21, 'cards/images/metaphorical/93x133-tref-7.jpeg', 21, 3, datetime('now'), datetime('now'))
    , (22, 'cards/images/metaphorical/93x133-tref-6.jpeg', 22, 3, datetime('now'), datetime('now'))
    , (23, 'cards/images/metaphorical/93x133-tref-5.jpeg', 23, 3, datetime('now'), datetime('now'))
    , (24, 'cards/images/metaphorical/93x133-tref-4.jpeg', 24, 3, datetime('now'), datetime('now'))
    , (25, 'cards/images/metaphorical/93x133-tref-3.jpeg', 25, 3, datetime('now'), datetime('now'))
    , (26, 'cards/images/metaphorical/93x133-tref-2.jpeg', 26, 3, datetime('now'), datetime('now'))
    , (27, 'cards/images/metaphorical/93x133-buba-tuz.jpeg', 27, 3, datetime('now'), datetime('now'))
    , (28, 'cards/images/metaphorical/93x133-buba-king.jpeg', 28, 3, datetime('now'), datetime('now'))
    , (29, 'cards/images/metaphorical/93x133-buba-dama.jpeg', 29, 3, datetime('now'), datetime('now'))
    , (30, 'cards/images/metaphorical/93x133-buba-valet.jpeg', 30, 3, datetime('now'), datetime('now'))
    , (31, 'cards/images/metaphorical/93x133-buba-10.jpeg', 31, 3, datetime('now'), datetime('now'))
    , (32, 'cards/images/metaphorical/93x133-buba-9.jpeg', 32, 3, datetime('now'), datetime('now'))
    , (33, 'cards/images/metaphorical/93x133-buba-8.jpeg', 33, 3, datetime('now'), datetime('now'))
    , (34, 'cards/images/metaphorical/93x133-buba-7.jpeg', 34, 3, datetime('now'), datetime('now'))
    , (35, 'cards/images/metaphorical/93x133-buba-6.jpeg', 35, 3, datetime('now'), datetime('now'))
    , (36, 'cards/images/metaphorical/93x133-buba-5.jpeg', 36, 3, datetime('now'), datetime('now'))
    , (37, 'cards/images/metaphorical/93x133-buba-4.jpeg', 37, 3, datetime('now'), datetime('now'))
    , (38, 'cards/images/metaphorical/93x133-buba-3.jpeg', 38, 3, datetime('now'), datetime('now'))
    , (39, 'cards/images/metaphorical/93x133-buba-2.jpeg', 39, 3, datetime('now'), datetime('now'))
    , (40, 'cards/images/metaphorical/93x133-pick-tuz.jpeg', 40, 3, datetime('now'), datetime('now'))
    , (41, 'cards/images/metaphorical/93x133-pick-king.jpeg', 41, 3, datetime('now'), datetime('now'))
    , (42, 'cards/images/metaphorical/93x133-pick-dama.jpeg', 42, 3, datetime('now'), datetime('now'))
    , (43, 'cards/images/metaphorical/93x133-pick-valet.jpeg', 43, 3, datetime('now'), datetime('now'))
    , (44, 'cards/images/metaphorical/93x133-pick-10.jpeg', 44, 3, datetime('now'), datetime('now'))
    , (45, 'cards/images/metaphorical/93x133-pick-9.jpeg', 45, 3, datetime('now'), datetime('now'))
    , (46, 'cards/images/metaphorical/93x133-pick-8.jpeg', 46, 3, datetime('now'), datetime('now'))
    , (47, 'cards/images/metaphorical/93x133-pick-7.jpeg', 47, 3, datetime('now'), datetime('now'))
    , (48, 'cards/images/metaphorical/93x133-pick-6.jpeg', 48, 3, datetime('now'), datetime('now'))
    , (49, 'cards/images/metaphorical/93x133-pick-5.jpeg', 49, 3, datetime('now'), datetime('now'))
    , (50, 'cards/images/metaphorical/93x133-pick-4.jpeg', 50, 3, datetime('now'), datetime('now'))
    , (51, 'cards/images/metaphorical/93x133-pick-3.jpeg', 51, 3, datetime('now'), datetime('now'))
    , (52, 'cards/images/metaphorical/93x133-pick-2.jpeg', 52, 3, datetime('now'), datetime('now'))
;

COMMIT;
